{"cameraMode":{"drawMode":0,"name":"Shaded","section":"Shading Mode"},"sceneLighting":false,"audioPlay":false,"sceneViewState":{"showFog":true,"showMaterialUpdate":false,"showSkybox":false,"showFlares":true,"showImageEffects":true,"showParticleSystems":true},"in2DMode":false,"pivot":{"x":5.96999979019165,"y":3.9499998092651369,"z":4.690000057220459},"rotation":{"x":0.11830712109804154,"y":0.061023615300655368,"z":-0.007279092445969582,"w":0.9910804629325867},"size":1.0000998973846436,"orthographic":false}